movement_id,name,media_type,old_media_src_clean_name,old_media_poster_clean_name
1,Vorod,photo,vorud_together.jpg,
2,Salam Bastani,photo,character_f_konde.jpg,
4,Shena Sar Navazi,photo,character_f_sheno.jpg,
40,Doa,photo,character_f_doa.jpg,
41,Khoroj,photo,vorud_together.jpg,
44,Shomaresh Sang,photo,character_f_sang.jpg,
46,Shenaye Shalaghi,photo,downward_dog.jpg,
47,Shenaye Shalaghi 1,photo,downward_dog.jpg,
48,Shenaye Shalaghi 2,photo,downward_dog.jpg,
49,Shenaye Shalaghi 3,photo,downward_dog.jpg,
50,Shenaye Shalaghi Va Khondan,photo,downward_dog.jpg,
51,Shomareshe Pich,none,,
52,Jangali,photo,vorud_together.jpg,
53,Paye Chapo Rast,photo,character_f_chapo_rast.jpg,
54,Narmeshhaye Zorkhonei,photo,vorud_together.jpg,
55,Khamgiri,none,,
56,Shomareshe Gardan,photo,character_f_gardan.jpg,
57,Neshasto Barkhast,photo,character_f_neshasto_barkhast.jpg,
58,Paye Hamrah Ba Takhteh,none,,
59,Mile Aram 1st,photo,character_f_meel.jpg,
60,Mile Aram Avaz 1,photo,character_f_meel.jpg,
61,Mile Aram Avaz 2,photo,character_f_meel.jpg,
62,Narmeshe Ba Mil,photo,character_f_narmesh_ba_meel.jpg,
63,Mil Shalaghi,photo,character_f_meel.jpg,
64,Paye Aval,photo,character_f_paye_avval.jpg,
65,Paye Zabdari,photo,character_f_zarbdari.jpg,
66,Paye Shateri 1 2 3,photo,character_f_shateri.jpg,
67,Jofti,photo,character_f_yafattah.jpg,
68,Tabrizi,photo,character_f_tabrizi.jpg,
69,Ya Fatah,photo,character_f_yafattah.jpg,
70,Se Pa Zadan,none,,
71,Chamani,none,,
72,Charke Tiz,none,,
73,Paye Akhar Jangali,none,,
74,Shomareshe Kabade,none,,
